dataset_id,series,period_or_category,value,unit,source,source_url,source_published,population,source_location,license,license_url,transformation
MSS-H1,신규 벤처투자,2022_상반기,76442,억원,중소벤처기업부,https://www.mss.go.kr/site/smba/ex/bbs/View.do?cbIdx=86&bcIdx=1070580,2026-08-19,벤처투자회사·조합 및 신기술금융사·조합 합산,물리 1쪽 왼쪽·인쇄 1쪽,공공누리 제1유형 · 출처표시,https://www.kogl.or.kr/info/licenseType1.do,보도자료 표의 수치를 옮겨 새로 작성한 표. 원표·도표는 싣지 않는다.
MSS-H1,벤처펀드 결성,2022_상반기,86921,억원,중소벤처기업부,https://www.mss.go.kr/site/smba/ex/bbs/View.do?cbIdx=86&bcIdx=1070580,2026-08-19,벤처투자회사·조합 및 신기술금융사·조합 합산,물리 1쪽 왼쪽·인쇄 1쪽,공공누리 제1유형 · 출처표시,https://www.kogl.or.kr/info/licenseType1.do,보도자료 표의 수치를 옮겨 새로 작성한 표. 원표·도표는 싣지 않는다.
MSS-H1,신규 벤처투자,2023_상반기,44930,억원,중소벤처기업부,https://www.mss.go.kr/site/smba/ex/bbs/View.do?cbIdx=86&bcIdx=1070580,2026-08-19,벤처투자회사·조합 및 신기술금융사·조합 합산,물리 1쪽 왼쪽·인쇄 1쪽,공공누리 제1유형 · 출처표시,https://www.kogl.or.kr/info/licenseType1.do,보도자료 표의 수치를 옮겨 새로 작성한 표. 원표·도표는 싣지 않는다.
MSS-H1,벤처펀드 결성,2023_상반기,47003,억원,중소벤처기업부,https://www.mss.go.kr/site/smba/ex/bbs/View.do?cbIdx=86&bcIdx=1070580,2026-08-19,벤처투자회사·조합 및 신기술금융사·조합 합산,물리 1쪽 왼쪽·인쇄 1쪽,공공누리 제1유형 · 출처표시,https://www.kogl.or.kr/info/licenseType1.do,보도자료 표의 수치를 옮겨 새로 작성한 표. 원표·도표는 싣지 않는다.
MSS-H1,신규 벤처투자,2024_상반기,54856,억원,중소벤처기업부,https://www.mss.go.kr/site/smba/ex/bbs/View.do?cbIdx=86&bcIdx=1070580,2026-08-19,벤처투자회사·조합 및 신기술금융사·조합 합산,물리 1쪽 왼쪽·인쇄 1쪽,공공누리 제1유형 · 출처표시,https://www.kogl.or.kr/info/licenseType1.do,보도자료 표의 수치를 옮겨 새로 작성한 표. 원표·도표는 싣지 않는다.
MSS-H1,벤처펀드 결성,2024_상반기,51936,억원,중소벤처기업부,https://www.mss.go.kr/site/smba/ex/bbs/View.do?cbIdx=86&bcIdx=1070580,2026-08-19,벤처투자회사·조합 및 신기술금융사·조합 합산,물리 1쪽 왼쪽·인쇄 1쪽,공공누리 제1유형 · 출처표시,https://www.kogl.or.kr/info/licenseType1.do,보도자료 표의 수치를 옮겨 새로 작성한 표. 원표·도표는 싣지 않는다.
MSS-H1,신규 벤처투자,2025_상반기,57476,억원,중소벤처기업부,https://www.mss.go.kr/site/smba/ex/bbs/View.do?cbIdx=86&bcIdx=1070580,2026-08-19,벤처투자회사·조합 및 신기술금융사·조합 합산,물리 1쪽 왼쪽·인쇄 1쪽,공공누리 제1유형 · 출처표시,https://www.kogl.or.kr/info/licenseType1.do,보도자료 표의 수치를 옮겨 새로 작성한 표. 원표·도표는 싣지 않는다.
MSS-H1,벤처펀드 결성,2025_상반기,63431,억원,중소벤처기업부,https://www.mss.go.kr/site/smba/ex/bbs/View.do?cbIdx=86&bcIdx=1070580,2026-08-19,벤처투자회사·조합 및 신기술금융사·조합 합산,물리 1쪽 왼쪽·인쇄 1쪽,공공누리 제1유형 · 출처표시,https://www.kogl.or.kr/info/licenseType1.do,보도자료 표의 수치를 옮겨 새로 작성한 표. 원표·도표는 싣지 않는다.
MSS-H1,신규 벤처투자,2026_상반기,88676,억원,중소벤처기업부,https://www.mss.go.kr/site/smba/ex/bbs/View.do?cbIdx=86&bcIdx=1070580,2026-08-19,벤처투자회사·조합 및 신기술금융사·조합 합산,물리 1쪽 왼쪽·인쇄 1쪽,공공누리 제1유형 · 출처표시,https://www.kogl.or.kr/info/licenseType1.do,보도자료 표의 수치를 옮겨 새로 작성한 표. 원표·도표는 싣지 않는다.
MSS-H1,벤처펀드 결성,2026_상반기,84366,억원,중소벤처기업부,https://www.mss.go.kr/site/smba/ex/bbs/View.do?cbIdx=86&bcIdx=1070580,2026-08-19,벤처투자회사·조합 및 신기술금융사·조합 합산,물리 1쪽 왼쪽·인쇄 1쪽,공공누리 제1유형 · 출처표시,https://www.kogl.or.kr/info/licenseType1.do,보도자료 표의 수치를 옮겨 새로 작성한 표. 원표·도표는 싣지 않는다.
MSS-sectors_detail,2022_상반기,ICT제조,4819,억원,중소벤처기업부,https://www.mss.go.kr/site/smba/ex/bbs/View.do?cbIdx=86&bcIdx=1070580,2026-08-19,벤처투자회사·조합 및 신기술금융사·조합 합산,물리 4쪽 오른쪽·인쇄 8쪽,공공누리 제1유형 · 출처표시,https://www.kogl.or.kr/info/licenseType1.do,보도자료 표의 수치를 옮겨 새로 작성한 표. 원표·도표는 싣지 않는다.
MSS-sectors_detail,2023_상반기,ICT제조,5152,억원,중소벤처기업부,https://www.mss.go.kr/site/smba/ex/bbs/View.do?cbIdx=86&bcIdx=1070580,2026-08-19,벤처투자회사·조합 및 신기술금융사·조합 합산,물리 4쪽 오른쪽·인쇄 8쪽,공공누리 제1유형 · 출처표시,https://www.kogl.or.kr/info/licenseType1.do,보도자료 표의 수치를 옮겨 새로 작성한 표. 원표·도표는 싣지 않는다.
MSS-sectors_detail,2024_상반기,ICT제조,4998,억원,중소벤처기업부,https://www.mss.go.kr/site/smba/ex/bbs/View.do?cbIdx=86&bcIdx=1070580,2026-08-19,벤처투자회사·조합 및 신기술금융사·조합 합산,물리 4쪽 오른쪽·인쇄 8쪽,공공누리 제1유형 · 출처표시,https://www.kogl.or.kr/info/licenseType1.do,보도자료 표의 수치를 옮겨 새로 작성한 표. 원표·도표는 싣지 않는다.
MSS-sectors_detail,2025_상반기,ICT제조,4707,억원,중소벤처기업부,https://www.mss.go.kr/site/smba/ex/bbs/View.do?cbIdx=86&bcIdx=1070580,2026-08-19,벤처투자회사·조합 및 신기술금융사·조합 합산,물리 4쪽 오른쪽·인쇄 8쪽,공공누리 제1유형 · 출처표시,https://www.kogl.or.kr/info/licenseType1.do,보도자료 표의 수치를 옮겨 새로 작성한 표. 원표·도표는 싣지 않는다.
MSS-sectors_detail,2026_상반기,ICT제조,11454,억원,중소벤처기업부,https://www.mss.go.kr/site/smba/ex/bbs/View.do?cbIdx=86&bcIdx=1070580,2026-08-19,벤처투자회사·조합 및 신기술금융사·조합 합산,물리 4쪽 오른쪽·인쇄 8쪽,공공누리 제1유형 · 출처표시,https://www.kogl.or.kr/info/licenseType1.do,보도자료 표의 수치를 옮겨 새로 작성한 표. 원표·도표는 싣지 않는다.
MSS-sectors_detail,2022_상반기,ICT서비스,22490,억원,중소벤처기업부,https://www.mss.go.kr/site/smba/ex/bbs/View.do?cbIdx=86&bcIdx=1070580,2026-08-19,벤처투자회사·조합 및 신기술금융사·조합 합산,물리 4쪽 오른쪽·인쇄 8쪽,공공누리 제1유형 · 출처표시,https://www.kogl.or.kr/info/licenseType1.do,보도자료 표의 수치를 옮겨 새로 작성한 표. 원표·도표는 싣지 않는다.
MSS-sectors_detail,2023_상반기,ICT서비스,9020,억원,중소벤처기업부,https://www.mss.go.kr/site/smba/ex/bbs/View.do?cbIdx=86&bcIdx=1070580,2026-08-19,벤처투자회사·조합 및 신기술금융사·조합 합산,물리 4쪽 오른쪽·인쇄 8쪽,공공누리 제1유형 · 출처표시,https://www.kogl.or.kr/info/licenseType1.do,보도자료 표의 수치를 옮겨 새로 작성한 표. 원표·도표는 싣지 않는다.
MSS-sectors_detail,2024_상반기,ICT서비스,13241,억원,중소벤처기업부,https://www.mss.go.kr/site/smba/ex/bbs/View.do?cbIdx=86&bcIdx=1070580,2026-08-19,벤처투자회사·조합 및 신기술금융사·조합 합산,물리 4쪽 오른쪽·인쇄 8쪽,공공누리 제1유형 · 출처표시,https://www.kogl.or.kr/info/licenseType1.do,보도자료 표의 수치를 옮겨 새로 작성한 표. 원표·도표는 싣지 않는다.
MSS-sectors_detail,2025_상반기,ICT서비스,11466,억원,중소벤처기업부,https://www.mss.go.kr/site/smba/ex/bbs/View.do?cbIdx=86&bcIdx=1070580,2026-08-19,벤처투자회사·조합 및 신기술금융사·조합 합산,물리 4쪽 오른쪽·인쇄 8쪽,공공누리 제1유형 · 출처표시,https://www.kogl.or.kr/info/licenseType1.do,보도자료 표의 수치를 옮겨 새로 작성한 표. 원표·도표는 싣지 않는다.
MSS-sectors_detail,2026_상반기,ICT서비스,18600,억원,중소벤처기업부,https://www.mss.go.kr/site/smba/ex/bbs/View.do?cbIdx=86&bcIdx=1070580,2026-08-19,벤처투자회사·조합 및 신기술금융사·조합 합산,물리 4쪽 오른쪽·인쇄 8쪽,공공누리 제1유형 · 출처표시,https://www.kogl.or.kr/info/licenseType1.do,보도자료 표의 수치를 옮겨 새로 작성한 표. 원표·도표는 싣지 않는다.
MSS-sectors_detail,2022_상반기,전기·기계·장비,6077,억원,중소벤처기업부,https://www.mss.go.kr/site/smba/ex/bbs/View.do?cbIdx=86&bcIdx=1070580,2026-08-19,벤처투자회사·조합 및 신기술금융사·조합 합산,물리 4쪽 오른쪽·인쇄 8쪽,공공누리 제1유형 · 출처표시,https://www.kogl.or.kr/info/licenseType1.do,보도자료 표의 수치를 옮겨 새로 작성한 표. 원표·도표는 싣지 않는다.
MSS-sectors_detail,2023_상반기,전기·기계·장비,6712,억원,중소벤처기업부,https://www.mss.go.kr/site/smba/ex/bbs/View.do?cbIdx=86&bcIdx=1070580,2026-08-19,벤처투자회사·조합 및 신기술금융사·조합 합산,물리 4쪽 오른쪽·인쇄 8쪽,공공누리 제1유형 · 출처표시,https://www.kogl.or.kr/info/licenseType1.do,보도자료 표의 수치를 옮겨 새로 작성한 표. 원표·도표는 싣지 않는다.
MSS-sectors_detail,2024_상반기,전기·기계·장비,9733,억원,중소벤처기업부,https://www.mss.go.kr/site/smba/ex/bbs/View.do?cbIdx=86&bcIdx=1070580,2026-08-19,벤처투자회사·조합 및 신기술금융사·조합 합산,물리 4쪽 오른쪽·인쇄 8쪽,공공누리 제1유형 · 출처표시,https://www.kogl.or.kr/info/licenseType1.do,보도자료 표의 수치를 옮겨 새로 작성한 표. 원표·도표는 싣지 않는다.
MSS-sectors_detail,2025_상반기,전기·기계·장비,8069,억원,중소벤처기업부,https://www.mss.go.kr/site/smba/ex/bbs/View.do?cbIdx=86&bcIdx=1070580,2026-08-19,벤처투자회사·조합 및 신기술금융사·조합 합산,물리 4쪽 오른쪽·인쇄 8쪽,공공누리 제1유형 · 출처표시,https://www.kogl.or.kr/info/licenseType1.do,보도자료 표의 수치를 옮겨 새로 작성한 표. 원표·도표는 싣지 않는다.
MSS-sectors_detail,2026_상반기,전기·기계·장비,15359,억원,중소벤처기업부,https://www.mss.go.kr/site/smba/ex/bbs/View.do?cbIdx=86&bcIdx=1070580,2026-08-19,벤처투자회사·조합 및 신기술금융사·조합 합산,물리 4쪽 오른쪽·인쇄 8쪽,공공누리 제1유형 · 출처표시,https://www.kogl.or.kr/info/licenseType1.do,보도자료 표의 수치를 옮겨 새로 작성한 표. 원표·도표는 싣지 않는다.
MSS-sectors_detail,2022_상반기,화학·소재,5201,억원,중소벤처기업부,https://www.mss.go.kr/site/smba/ex/bbs/View.do?cbIdx=86&bcIdx=1070580,2026-08-19,벤처투자회사·조합 및 신기술금융사·조합 합산,물리 4쪽 오른쪽·인쇄 8쪽,공공누리 제1유형 · 출처표시,https://www.kogl.or.kr/info/licenseType1.do,보도자료 표의 수치를 옮겨 새로 작성한 표. 원표·도표는 싣지 않는다.
MSS-sectors_detail,2023_상반기,화학·소재,3969,억원,중소벤처기업부,https://www.mss.go.kr/site/smba/ex/bbs/View.do?cbIdx=86&bcIdx=1070580,2026-08-19,벤처투자회사·조합 및 신기술금융사·조합 합산,물리 4쪽 오른쪽·인쇄 8쪽,공공누리 제1유형 · 출처표시,https://www.kogl.or.kr/info/licenseType1.do,보도자료 표의 수치를 옮겨 새로 작성한 표. 원표·도표는 싣지 않는다.
MSS-sectors_detail,2024_상반기,화학·소재,4871,억원,중소벤처기업부,https://www.mss.go.kr/site/smba/ex/bbs/View.do?cbIdx=86&bcIdx=1070580,2026-08-19,벤처투자회사·조합 및 신기술금융사·조합 합산,물리 4쪽 오른쪽·인쇄 8쪽,공공누리 제1유형 · 출처표시,https://www.kogl.or.kr/info/licenseType1.do,보도자료 표의 수치를 옮겨 새로 작성한 표. 원표·도표는 싣지 않는다.
MSS-sectors_detail,2025_상반기,화학·소재,5516,억원,중소벤처기업부,https://www.mss.go.kr/site/smba/ex/bbs/View.do?cbIdx=86&bcIdx=1070580,2026-08-19,벤처투자회사·조합 및 신기술금융사·조합 합산,물리 4쪽 오른쪽·인쇄 8쪽,공공누리 제1유형 · 출처표시,https://www.kogl.or.kr/info/licenseType1.do,보도자료 표의 수치를 옮겨 새로 작성한 표. 원표·도표는 싣지 않는다.
MSS-sectors_detail,2026_상반기,화학·소재,6306,억원,중소벤처기업부,https://www.mss.go.kr/site/smba/ex/bbs/View.do?cbIdx=86&bcIdx=1070580,2026-08-19,벤처투자회사·조합 및 신기술금융사·조합 합산,물리 4쪽 오른쪽·인쇄 8쪽,공공누리 제1유형 · 출처표시,https://www.kogl.or.kr/info/licenseType1.do,보도자료 표의 수치를 옮겨 새로 작성한 표. 원표·도표는 싣지 않는다.
MSS-sectors_detail,2022_상반기,바이오·의료,13159,억원,중소벤처기업부,https://www.mss.go.kr/site/smba/ex/bbs/View.do?cbIdx=86&bcIdx=1070580,2026-08-19,벤처투자회사·조합 및 신기술금융사·조합 합산,물리 4쪽 오른쪽·인쇄 8쪽,공공누리 제1유형 · 출처표시,https://www.kogl.or.kr/info/licenseType1.do,보도자료 표의 수치를 옮겨 새로 작성한 표. 원표·도표는 싣지 않는다.
MSS-sectors_detail,2023_상반기,바이오·의료,5995,억원,중소벤처기업부,https://www.mss.go.kr/site/smba/ex/bbs/View.do?cbIdx=86&bcIdx=1070580,2026-08-19,벤처투자회사·조합 및 신기술금융사·조합 합산,물리 4쪽 오른쪽·인쇄 8쪽,공공누리 제1유형 · 출처표시,https://www.kogl.or.kr/info/licenseType1.do,보도자료 표의 수치를 옮겨 새로 작성한 표. 원표·도표는 싣지 않는다.
MSS-sectors_detail,2024_상반기,바이오·의료,8527,억원,중소벤처기업부,https://www.mss.go.kr/site/smba/ex/bbs/View.do?cbIdx=86&bcIdx=1070580,2026-08-19,벤처투자회사·조합 및 신기술금융사·조합 합산,물리 4쪽 오른쪽·인쇄 8쪽,공공누리 제1유형 · 출처표시,https://www.kogl.or.kr/info/licenseType1.do,보도자료 표의 수치를 옮겨 새로 작성한 표. 원표·도표는 싣지 않는다.
MSS-sectors_detail,2025_상반기,바이오·의료,9793,억원,중소벤처기업부,https://www.mss.go.kr/site/smba/ex/bbs/View.do?cbIdx=86&bcIdx=1070580,2026-08-19,벤처투자회사·조합 및 신기술금융사·조합 합산,물리 4쪽 오른쪽·인쇄 8쪽,공공누리 제1유형 · 출처표시,https://www.kogl.or.kr/info/licenseType1.do,보도자료 표의 수치를 옮겨 새로 작성한 표. 원표·도표는 싣지 않는다.
MSS-sectors_detail,2026_상반기,바이오·의료,15041,억원,중소벤처기업부,https://www.mss.go.kr/site/smba/ex/bbs/View.do?cbIdx=86&bcIdx=1070580,2026-08-19,벤처투자회사·조합 및 신기술금융사·조합 합산,물리 4쪽 오른쪽·인쇄 8쪽,공공누리 제1유형 · 출처표시,https://www.kogl.or.kr/info/licenseType1.do,보도자료 표의 수치를 옮겨 새로 작성한 표. 원표·도표는 싣지 않는다.
MSS-sectors_detail,2022_상반기,영상·공연·음반,4645,억원,중소벤처기업부,https://www.mss.go.kr/site/smba/ex/bbs/View.do?cbIdx=86&bcIdx=1070580,2026-08-19,벤처투자회사·조합 및 신기술금융사·조합 합산,물리 4쪽 오른쪽·인쇄 8쪽,공공누리 제1유형 · 출처표시,https://www.kogl.or.kr/info/licenseType1.do,보도자료 표의 수치를 옮겨 새로 작성한 표. 원표·도표는 싣지 않는다.
MSS-sectors_detail,2023_상반기,영상·공연·음반,3652,억원,중소벤처기업부,https://www.mss.go.kr/site/smba/ex/bbs/View.do?cbIdx=86&bcIdx=1070580,2026-08-19,벤처투자회사·조합 및 신기술금융사·조합 합산,물리 4쪽 오른쪽·인쇄 8쪽,공공누리 제1유형 · 출처표시,https://www.kogl.or.kr/info/licenseType1.do,보도자료 표의 수치를 옮겨 새로 작성한 표. 원표·도표는 싣지 않는다.
MSS-sectors_detail,2024_상반기,영상·공연·음반,1651,억원,중소벤처기업부,https://www.mss.go.kr/site/smba/ex/bbs/View.do?cbIdx=86&bcIdx=1070580,2026-08-19,벤처투자회사·조합 및 신기술금융사·조합 합산,물리 4쪽 오른쪽·인쇄 8쪽,공공누리 제1유형 · 출처표시,https://www.kogl.or.kr/info/licenseType1.do,보도자료 표의 수치를 옮겨 새로 작성한 표. 원표·도표는 싣지 않는다.
MSS-sectors_detail,2025_상반기,영상·공연·음반,2316,억원,중소벤처기업부,https://www.mss.go.kr/site/smba/ex/bbs/View.do?cbIdx=86&bcIdx=1070580,2026-08-19,벤처투자회사·조합 및 신기술금융사·조합 합산,물리 4쪽 오른쪽·인쇄 8쪽,공공누리 제1유형 · 출처표시,https://www.kogl.or.kr/info/licenseType1.do,보도자료 표의 수치를 옮겨 새로 작성한 표. 원표·도표는 싣지 않는다.
MSS-sectors_detail,2026_상반기,영상·공연·음반,3060,억원,중소벤처기업부,https://www.mss.go.kr/site/smba/ex/bbs/View.do?cbIdx=86&bcIdx=1070580,2026-08-19,벤처투자회사·조합 및 신기술금융사·조합 합산,물리 4쪽 오른쪽·인쇄 8쪽,공공누리 제1유형 · 출처표시,https://www.kogl.or.kr/info/licenseType1.do,보도자료 표의 수치를 옮겨 새로 작성한 표. 원표·도표는 싣지 않는다.
MSS-sectors_detail,2022_상반기,게임,1727,억원,중소벤처기업부,https://www.mss.go.kr/site/smba/ex/bbs/View.do?cbIdx=86&bcIdx=1070580,2026-08-19,벤처투자회사·조합 및 신기술금융사·조합 합산,물리 4쪽 오른쪽·인쇄 8쪽,공공누리 제1유형 · 출처표시,https://www.kogl.or.kr/info/licenseType1.do,보도자료 표의 수치를 옮겨 새로 작성한 표. 원표·도표는 싣지 않는다.
MSS-sectors_detail,2023_상반기,게임,730,억원,중소벤처기업부,https://www.mss.go.kr/site/smba/ex/bbs/View.do?cbIdx=86&bcIdx=1070580,2026-08-19,벤처투자회사·조합 및 신기술금융사·조합 합산,물리 4쪽 오른쪽·인쇄 8쪽,공공누리 제1유형 · 출처표시,https://www.kogl.or.kr/info/licenseType1.do,보도자료 표의 수치를 옮겨 새로 작성한 표. 원표·도표는 싣지 않는다.
MSS-sectors_detail,2024_상반기,게임,885,억원,중소벤처기업부,https://www.mss.go.kr/site/smba/ex/bbs/View.do?cbIdx=86&bcIdx=1070580,2026-08-19,벤처투자회사·조합 및 신기술금융사·조합 합산,물리 4쪽 오른쪽·인쇄 8쪽,공공누리 제1유형 · 출처표시,https://www.kogl.or.kr/info/licenseType1.do,보도자료 표의 수치를 옮겨 새로 작성한 표. 원표·도표는 싣지 않는다.
MSS-sectors_detail,2025_상반기,게임,1788,억원,중소벤처기업부,https://www.mss.go.kr/site/smba/ex/bbs/View.do?cbIdx=86&bcIdx=1070580,2026-08-19,벤처투자회사·조합 및 신기술금융사·조합 합산,물리 4쪽 오른쪽·인쇄 8쪽,공공누리 제1유형 · 출처표시,https://www.kogl.or.kr/info/licenseType1.do,보도자료 표의 수치를 옮겨 새로 작성한 표. 원표·도표는 싣지 않는다.
MSS-sectors_detail,2026_상반기,게임,424,억원,중소벤처기업부,https://www.mss.go.kr/site/smba/ex/bbs/View.do?cbIdx=86&bcIdx=1070580,2026-08-19,벤처투자회사·조합 및 신기술금융사·조합 합산,물리 4쪽 오른쪽·인쇄 8쪽,공공누리 제1유형 · 출처표시,https://www.kogl.or.kr/info/licenseType1.do,보도자료 표의 수치를 옮겨 새로 작성한 표. 원표·도표는 싣지 않는다.
MSS-sectors_detail,2022_상반기,유통·서비스,11105,억원,중소벤처기업부,https://www.mss.go.kr/site/smba/ex/bbs/View.do?cbIdx=86&bcIdx=1070580,2026-08-19,벤처투자회사·조합 및 신기술금융사·조합 합산,물리 4쪽 오른쪽·인쇄 8쪽,공공누리 제1유형 · 출처표시,https://www.kogl.or.kr/info/licenseType1.do,보도자료 표의 수치를 옮겨 새로 작성한 표. 원표·도표는 싣지 않는다.
MSS-sectors_detail,2023_상반기,유통·서비스,4179,억원,중소벤처기업부,https://www.mss.go.kr/site/smba/ex/bbs/View.do?cbIdx=86&bcIdx=1070580,2026-08-19,벤처투자회사·조합 및 신기술금융사·조합 합산,물리 4쪽 오른쪽·인쇄 8쪽,공공누리 제1유형 · 출처표시,https://www.kogl.or.kr/info/licenseType1.do,보도자료 표의 수치를 옮겨 새로 작성한 표. 원표·도표는 싣지 않는다.
MSS-sectors_detail,2024_상반기,유통·서비스,4539,억원,중소벤처기업부,https://www.mss.go.kr/site/smba/ex/bbs/View.do?cbIdx=86&bcIdx=1070580,2026-08-19,벤처투자회사·조합 및 신기술금융사·조합 합산,물리 4쪽 오른쪽·인쇄 8쪽,공공누리 제1유형 · 출처표시,https://www.kogl.or.kr/info/licenseType1.do,보도자료 표의 수치를 옮겨 새로 작성한 표. 원표·도표는 싣지 않는다.
MSS-sectors_detail,2025_상반기,유통·서비스,5522,억원,중소벤처기업부,https://www.mss.go.kr/site/smba/ex/bbs/View.do?cbIdx=86&bcIdx=1070580,2026-08-19,벤처투자회사·조합 및 신기술금융사·조합 합산,물리 4쪽 오른쪽·인쇄 8쪽,공공누리 제1유형 · 출처표시,https://www.kogl.or.kr/info/licenseType1.do,보도자료 표의 수치를 옮겨 새로 작성한 표. 원표·도표는 싣지 않는다.
MSS-sectors_detail,2026_상반기,유통·서비스,8598,억원,중소벤처기업부,https://www.mss.go.kr/site/smba/ex/bbs/View.do?cbIdx=86&bcIdx=1070580,2026-08-19,벤처투자회사·조합 및 신기술금융사·조합 합산,물리 4쪽 오른쪽·인쇄 8쪽,공공누리 제1유형 · 출처표시,https://www.kogl.or.kr/info/licenseType1.do,보도자료 표의 수치를 옮겨 새로 작성한 표. 원표·도표는 싣지 않는다.
MSS-sectors_detail,2022_상반기,기타,7217,억원,중소벤처기업부,https://www.mss.go.kr/site/smba/ex/bbs/View.do?cbIdx=86&bcIdx=1070580,2026-08-19,벤처투자회사·조합 및 신기술금융사·조합 합산,물리 4쪽 오른쪽·인쇄 8쪽,공공누리 제1유형 · 출처표시,https://www.kogl.or.kr/info/licenseType1.do,보도자료 표의 수치를 옮겨 새로 작성한 표. 원표·도표는 싣지 않는다.
MSS-sectors_detail,2023_상반기,기타,5521,억원,중소벤처기업부,https://www.mss.go.kr/site/smba/ex/bbs/View.do?cbIdx=86&bcIdx=1070580,2026-08-19,벤처투자회사·조합 및 신기술금융사·조합 합산,물리 4쪽 오른쪽·인쇄 8쪽,공공누리 제1유형 · 출처표시,https://www.kogl.or.kr/info/licenseType1.do,보도자료 표의 수치를 옮겨 새로 작성한 표. 원표·도표는 싣지 않는다.
MSS-sectors_detail,2024_상반기,기타,6410,억원,중소벤처기업부,https://www.mss.go.kr/site/smba/ex/bbs/View.do?cbIdx=86&bcIdx=1070580,2026-08-19,벤처투자회사·조합 및 신기술금융사·조합 합산,물리 4쪽 오른쪽·인쇄 8쪽,공공누리 제1유형 · 출처표시,https://www.kogl.or.kr/info/licenseType1.do,보도자료 표의 수치를 옮겨 새로 작성한 표. 원표·도표는 싣지 않는다.
MSS-sectors_detail,2025_상반기,기타,8299,억원,중소벤처기업부,https://www.mss.go.kr/site/smba/ex/bbs/View.do?cbIdx=86&bcIdx=1070580,2026-08-19,벤처투자회사·조합 및 신기술금융사·조합 합산,물리 4쪽 오른쪽·인쇄 8쪽,공공누리 제1유형 · 출처표시,https://www.kogl.or.kr/info/licenseType1.do,보도자료 표의 수치를 옮겨 새로 작성한 표. 원표·도표는 싣지 않는다.
MSS-sectors_detail,2026_상반기,기타,9835,억원,중소벤처기업부,https://www.mss.go.kr/site/smba/ex/bbs/View.do?cbIdx=86&bcIdx=1070580,2026-08-19,벤처투자회사·조합 및 신기술금융사·조합 합산,물리 4쪽 오른쪽·인쇄 8쪽,공공누리 제1유형 · 출처표시,https://www.kogl.or.kr/info/licenseType1.do,보도자료 표의 수치를 옮겨 새로 작성한 표. 원표·도표는 싣지 않는다.
MSS-regions,합계,2022_상반기,41529,억원,중소벤처기업부,https://www.mss.go.kr/site/smba/ex/bbs/View.do?cbIdx=86&bcIdx=1070580,2026-08-19,벤처투자회사·조합 기준(신기술금융사·조합 제외),물리 2쪽 오른쪽·인쇄 4쪽,공공누리 제1유형 · 출처표시,https://www.kogl.or.kr/info/licenseType1.do,보도자료 표의 수치를 옮겨 새로 작성한 표. 원표·도표는 싣지 않는다. 보도자료 4쪽 표에서 5계열을 발췌했다. 시도별 전표는 원문 참조.
MSS-regions,수도권 소계,2022_상반기,30614,억원,중소벤처기업부,https://www.mss.go.kr/site/smba/ex/bbs/View.do?cbIdx=86&bcIdx=1070580,2026-08-19,벤처투자회사·조합 기준(신기술금융사·조합 제외),물리 2쪽 오른쪽·인쇄 4쪽,공공누리 제1유형 · 출처표시,https://www.kogl.or.kr/info/licenseType1.do,보도자료 표의 수치를 옮겨 새로 작성한 표. 원표·도표는 싣지 않는다. 보도자료 4쪽 표에서 5계열을 발췌했다. 시도별 전표는 원문 참조.
MSS-regions,비수도권 소계,2022_상반기,7025,억원,중소벤처기업부,https://www.mss.go.kr/site/smba/ex/bbs/View.do?cbIdx=86&bcIdx=1070580,2026-08-19,벤처투자회사·조합 기준(신기술금융사·조합 제외),물리 2쪽 오른쪽·인쇄 4쪽,공공누리 제1유형 · 출처표시,https://www.kogl.or.kr/info/licenseType1.do,보도자료 표의 수치를 옮겨 새로 작성한 표. 원표·도표는 싣지 않는다. 보도자료 4쪽 표에서 5계열을 발췌했다. 시도별 전표는 원문 참조.
MSS-regions,대전,2022_상반기,2167,억원,중소벤처기업부,https://www.mss.go.kr/site/smba/ex/bbs/View.do?cbIdx=86&bcIdx=1070580,2026-08-19,벤처투자회사·조합 기준(신기술금융사·조합 제외),물리 2쪽 오른쪽·인쇄 4쪽,공공누리 제1유형 · 출처표시,https://www.kogl.or.kr/info/licenseType1.do,보도자료 표의 수치를 옮겨 새로 작성한 표. 원표·도표는 싣지 않는다. 보도자료 4쪽 표에서 5계열을 발췌했다. 시도별 전표는 원문 참조.
MSS-regions,해외,2022_상반기,3893,억원,중소벤처기업부,https://www.mss.go.kr/site/smba/ex/bbs/View.do?cbIdx=86&bcIdx=1070580,2026-08-19,벤처투자회사·조합 기준(신기술금융사·조합 제외),물리 2쪽 오른쪽·인쇄 4쪽,공공누리 제1유형 · 출처표시,https://www.kogl.or.kr/info/licenseType1.do,보도자료 표의 수치를 옮겨 새로 작성한 표. 원표·도표는 싣지 않는다. 보도자료 4쪽 표에서 5계열을 발췌했다. 시도별 전표는 원문 참조.
MSS-regions,합계,2023_상반기,22041,억원,중소벤처기업부,https://www.mss.go.kr/site/smba/ex/bbs/View.do?cbIdx=86&bcIdx=1070580,2026-08-19,벤처투자회사·조합 기준(신기술금융사·조합 제외),물리 2쪽 오른쪽·인쇄 4쪽,공공누리 제1유형 · 출처표시,https://www.kogl.or.kr/info/licenseType1.do,보도자료 표의 수치를 옮겨 새로 작성한 표. 원표·도표는 싣지 않는다. 보도자료 4쪽 표에서 5계열을 발췌했다. 시도별 전표는 원문 참조.
MSS-regions,수도권 소계,2023_상반기,15133,억원,중소벤처기업부,https://www.mss.go.kr/site/smba/ex/bbs/View.do?cbIdx=86&bcIdx=1070580,2026-08-19,벤처투자회사·조합 기준(신기술금융사·조합 제외),물리 2쪽 오른쪽·인쇄 4쪽,공공누리 제1유형 · 출처표시,https://www.kogl.or.kr/info/licenseType1.do,보도자료 표의 수치를 옮겨 새로 작성한 표. 원표·도표는 싣지 않는다. 보도자료 4쪽 표에서 5계열을 발췌했다. 시도별 전표는 원문 참조.
MSS-regions,비수도권 소계,2023_상반기,4828,억원,중소벤처기업부,https://www.mss.go.kr/site/smba/ex/bbs/View.do?cbIdx=86&bcIdx=1070580,2026-08-19,벤처투자회사·조합 기준(신기술금융사·조합 제외),물리 2쪽 오른쪽·인쇄 4쪽,공공누리 제1유형 · 출처표시,https://www.kogl.or.kr/info/licenseType1.do,보도자료 표의 수치를 옮겨 새로 작성한 표. 원표·도표는 싣지 않는다. 보도자료 4쪽 표에서 5계열을 발췌했다. 시도별 전표는 원문 참조.
MSS-regions,대전,2023_상반기,1627,억원,중소벤처기업부,https://www.mss.go.kr/site/smba/ex/bbs/View.do?cbIdx=86&bcIdx=1070580,2026-08-19,벤처투자회사·조합 기준(신기술금융사·조합 제외),물리 2쪽 오른쪽·인쇄 4쪽,공공누리 제1유형 · 출처표시,https://www.kogl.or.kr/info/licenseType1.do,보도자료 표의 수치를 옮겨 새로 작성한 표. 원표·도표는 싣지 않는다. 보도자료 4쪽 표에서 5계열을 발췌했다. 시도별 전표는 원문 참조.
MSS-regions,해외,2023_상반기,2080,억원,중소벤처기업부,https://www.mss.go.kr/site/smba/ex/bbs/View.do?cbIdx=86&bcIdx=1070580,2026-08-19,벤처투자회사·조합 기준(신기술금융사·조합 제외),물리 2쪽 오른쪽·인쇄 4쪽,공공누리 제1유형 · 출처표시,https://www.kogl.or.kr/info/licenseType1.do,보도자료 표의 수치를 옮겨 새로 작성한 표. 원표·도표는 싣지 않는다. 보도자료 4쪽 표에서 5계열을 발췌했다. 시도별 전표는 원문 참조.
MSS-regions,합계,2024_상반기,27992,억원,중소벤처기업부,https://www.mss.go.kr/site/smba/ex/bbs/View.do?cbIdx=86&bcIdx=1070580,2026-08-19,벤처투자회사·조합 기준(신기술금융사·조합 제외),물리 2쪽 오른쪽·인쇄 4쪽,공공누리 제1유형 · 출처표시,https://www.kogl.or.kr/info/licenseType1.do,보도자료 표의 수치를 옮겨 새로 작성한 표. 원표·도표는 싣지 않는다. 보도자료 4쪽 표에서 5계열을 발췌했다. 시도별 전표는 원문 참조.
MSS-regions,수도권 소계,2024_상반기,18746,억원,중소벤처기업부,https://www.mss.go.kr/site/smba/ex/bbs/View.do?cbIdx=86&bcIdx=1070580,2026-08-19,벤처투자회사·조합 기준(신기술금융사·조합 제외),물리 2쪽 오른쪽·인쇄 4쪽,공공누리 제1유형 · 출처표시,https://www.kogl.or.kr/info/licenseType1.do,보도자료 표의 수치를 옮겨 새로 작성한 표. 원표·도표는 싣지 않는다. 보도자료 4쪽 표에서 5계열을 발췌했다. 시도별 전표는 원문 참조.
MSS-regions,비수도권 소계,2024_상반기,6526,억원,중소벤처기업부,https://www.mss.go.kr/site/smba/ex/bbs/View.do?cbIdx=86&bcIdx=1070580,2026-08-19,벤처투자회사·조합 기준(신기술금융사·조합 제외),물리 2쪽 오른쪽·인쇄 4쪽,공공누리 제1유형 · 출처표시,https://www.kogl.or.kr/info/licenseType1.do,보도자료 표의 수치를 옮겨 새로 작성한 표. 원표·도표는 싣지 않는다. 보도자료 4쪽 표에서 5계열을 발췌했다. 시도별 전표는 원문 참조.
MSS-regions,대전,2024_상반기,1979,억원,중소벤처기업부,https://www.mss.go.kr/site/smba/ex/bbs/View.do?cbIdx=86&bcIdx=1070580,2026-08-19,벤처투자회사·조합 기준(신기술금융사·조합 제외),물리 2쪽 오른쪽·인쇄 4쪽,공공누리 제1유형 · 출처표시,https://www.kogl.or.kr/info/licenseType1.do,보도자료 표의 수치를 옮겨 새로 작성한 표. 원표·도표는 싣지 않는다. 보도자료 4쪽 표에서 5계열을 발췌했다. 시도별 전표는 원문 참조.
MSS-regions,해외,2024_상반기,2720,억원,중소벤처기업부,https://www.mss.go.kr/site/smba/ex/bbs/View.do?cbIdx=86&bcIdx=1070580,2026-08-19,벤처투자회사·조합 기준(신기술금융사·조합 제외),물리 2쪽 오른쪽·인쇄 4쪽,공공누리 제1유형 · 출처표시,https://www.kogl.or.kr/info/licenseType1.do,보도자료 표의 수치를 옮겨 새로 작성한 표. 원표·도표는 싣지 않는다. 보도자료 4쪽 표에서 5계열을 발췌했다. 시도별 전표는 원문 참조.
MSS-regions,합계,2025_상반기,27955,억원,중소벤처기업부,https://www.mss.go.kr/site/smba/ex/bbs/View.do?cbIdx=86&bcIdx=1070580,2026-08-19,벤처투자회사·조합 기준(신기술금융사·조합 제외),물리 2쪽 오른쪽·인쇄 4쪽,공공누리 제1유형 · 출처표시,https://www.kogl.or.kr/info/licenseType1.do,보도자료 표의 수치를 옮겨 새로 작성한 표. 원표·도표는 싣지 않는다. 보도자료 4쪽 표에서 5계열을 발췌했다. 시도별 전표는 원문 참조.
MSS-regions,수도권 소계,2025_상반기,20658,억원,중소벤처기업부,https://www.mss.go.kr/site/smba/ex/bbs/View.do?cbIdx=86&bcIdx=1070580,2026-08-19,벤처투자회사·조합 기준(신기술금융사·조합 제외),물리 2쪽 오른쪽·인쇄 4쪽,공공누리 제1유형 · 출처표시,https://www.kogl.or.kr/info/licenseType1.do,보도자료 표의 수치를 옮겨 새로 작성한 표. 원표·도표는 싣지 않는다. 보도자료 4쪽 표에서 5계열을 발췌했다. 시도별 전표는 원문 참조.
MSS-regions,비수도권 소계,2025_상반기,5201,억원,중소벤처기업부,https://www.mss.go.kr/site/smba/ex/bbs/View.do?cbIdx=86&bcIdx=1070580,2026-08-19,벤처투자회사·조합 기준(신기술금융사·조합 제외),물리 2쪽 오른쪽·인쇄 4쪽,공공누리 제1유형 · 출처표시,https://www.kogl.or.kr/info/licenseType1.do,보도자료 표의 수치를 옮겨 새로 작성한 표. 원표·도표는 싣지 않는다. 보도자료 4쪽 표에서 5계열을 발췌했다. 시도별 전표는 원문 참조.
MSS-regions,대전,2025_상반기,1780,억원,중소벤처기업부,https://www.mss.go.kr/site/smba/ex/bbs/View.do?cbIdx=86&bcIdx=1070580,2026-08-19,벤처투자회사·조합 기준(신기술금융사·조합 제외),물리 2쪽 오른쪽·인쇄 4쪽,공공누리 제1유형 · 출처표시,https://www.kogl.or.kr/info/licenseType1.do,보도자료 표의 수치를 옮겨 새로 작성한 표. 원표·도표는 싣지 않는다. 보도자료 4쪽 표에서 5계열을 발췌했다. 시도별 전표는 원문 참조.
MSS-regions,해외,2025_상반기,2095,억원,중소벤처기업부,https://www.mss.go.kr/site/smba/ex/bbs/View.do?cbIdx=86&bcIdx=1070580,2026-08-19,벤처투자회사·조합 기준(신기술금융사·조합 제외),물리 2쪽 오른쪽·인쇄 4쪽,공공누리 제1유형 · 출처표시,https://www.kogl.or.kr/info/licenseType1.do,보도자료 표의 수치를 옮겨 새로 작성한 표. 원표·도표는 싣지 않는다. 보도자료 4쪽 표에서 5계열을 발췌했다. 시도별 전표는 원문 참조.
MSS-regions,합계,2026_상반기,45291,억원,중소벤처기업부,https://www.mss.go.kr/site/smba/ex/bbs/View.do?cbIdx=86&bcIdx=1070580,2026-08-19,벤처투자회사·조합 기준(신기술금융사·조합 제외),물리 2쪽 오른쪽·인쇄 4쪽,공공누리 제1유형 · 출처표시,https://www.kogl.or.kr/info/licenseType1.do,보도자료 표의 수치를 옮겨 새로 작성한 표. 원표·도표는 싣지 않는다. 보도자료 4쪽 표에서 5계열을 발췌했다. 시도별 전표는 원문 참조.
MSS-regions,수도권 소계,2026_상반기,30972,억원,중소벤처기업부,https://www.mss.go.kr/site/smba/ex/bbs/View.do?cbIdx=86&bcIdx=1070580,2026-08-19,벤처투자회사·조합 기준(신기술금융사·조합 제외),물리 2쪽 오른쪽·인쇄 4쪽,공공누리 제1유형 · 출처표시,https://www.kogl.or.kr/info/licenseType1.do,보도자료 표의 수치를 옮겨 새로 작성한 표. 원표·도표는 싣지 않는다. 보도자료 4쪽 표에서 5계열을 발췌했다. 시도별 전표는 원문 참조.
MSS-regions,비수도권 소계,2026_상반기,10647,억원,중소벤처기업부,https://www.mss.go.kr/site/smba/ex/bbs/View.do?cbIdx=86&bcIdx=1070580,2026-08-19,벤처투자회사·조합 기준(신기술금융사·조합 제외),물리 2쪽 오른쪽·인쇄 4쪽,공공누리 제1유형 · 출처표시,https://www.kogl.or.kr/info/licenseType1.do,보도자료 표의 수치를 옮겨 새로 작성한 표. 원표·도표는 싣지 않는다. 보도자료 4쪽 표에서 5계열을 발췌했다. 시도별 전표는 원문 참조.
MSS-regions,대전,2026_상반기,4359,억원,중소벤처기업부,https://www.mss.go.kr/site/smba/ex/bbs/View.do?cbIdx=86&bcIdx=1070580,2026-08-19,벤처투자회사·조합 기준(신기술금융사·조합 제외),물리 2쪽 오른쪽·인쇄 4쪽,공공누리 제1유형 · 출처표시,https://www.kogl.or.kr/info/licenseType1.do,보도자료 표의 수치를 옮겨 새로 작성한 표. 원표·도표는 싣지 않는다. 보도자료 4쪽 표에서 5계열을 발췌했다. 시도별 전표는 원문 참조.
MSS-regions,해외,2026_상반기,3672,억원,중소벤처기업부,https://www.mss.go.kr/site/smba/ex/bbs/View.do?cbIdx=86&bcIdx=1070580,2026-08-19,벤처투자회사·조합 기준(신기술금융사·조합 제외),물리 2쪽 오른쪽·인쇄 4쪽,공공누리 제1유형 · 출처표시,https://www.kogl.or.kr/info/licenseType1.do,보도자료 표의 수치를 옮겨 새로 작성한 표. 원표·도표는 싣지 않는다. 보도자료 4쪽 표에서 5계열을 발췌했다. 시도별 전표는 원문 참조.
MSS-fund_sources,정책금융 금액,2022_상반기,10803,억원,중소벤처기업부,https://www.mss.go.kr/site/smba/ex/bbs/View.do?cbIdx=86&bcIdx=1070580,2026-08-19,벤처투자회사·조합 및 신기술금융사·조합 합산,물리 4쪽 왼쪽·인쇄 7쪽,공공누리 제1유형 · 출처표시,https://www.kogl.or.kr/info/licenseType1.do,보도자료 표의 수치를 옮겨 새로 작성한 표. 원표·도표는 싣지 않는다. 보도자료 7쪽 표에서 정책금융·민간부문 합계 2계열을 발췌했다. 출자자별 세부 행은 원문 참조.
MSS-fund_sources,민간부문 금액,2022_상반기,76118,억원,중소벤처기업부,https://www.mss.go.kr/site/smba/ex/bbs/View.do?cbIdx=86&bcIdx=1070580,2026-08-19,벤처투자회사·조합 및 신기술금융사·조합 합산,물리 4쪽 왼쪽·인쇄 7쪽,공공누리 제1유형 · 출처표시,https://www.kogl.or.kr/info/licenseType1.do,보도자료 표의 수치를 옮겨 새로 작성한 표. 원표·도표는 싣지 않는다. 보도자료 7쪽 표에서 정책금융·민간부문 합계 2계열을 발췌했다. 출자자별 세부 행은 원문 참조.
MSS-fund_sources,정책금융 금액,2023_상반기,6751,억원,중소벤처기업부,https://www.mss.go.kr/site/smba/ex/bbs/View.do?cbIdx=86&bcIdx=1070580,2026-08-19,벤처투자회사·조합 및 신기술금융사·조합 합산,물리 4쪽 왼쪽·인쇄 7쪽,공공누리 제1유형 · 출처표시,https://www.kogl.or.kr/info/licenseType1.do,보도자료 표의 수치를 옮겨 새로 작성한 표. 원표·도표는 싣지 않는다. 보도자료 7쪽 표에서 정책금융·민간부문 합계 2계열을 발췌했다. 출자자별 세부 행은 원문 참조.
MSS-fund_sources,민간부문 금액,2023_상반기,40252,억원,중소벤처기업부,https://www.mss.go.kr/site/smba/ex/bbs/View.do?cbIdx=86&bcIdx=1070580,2026-08-19,벤처투자회사·조합 및 신기술금융사·조합 합산,물리 4쪽 왼쪽·인쇄 7쪽,공공누리 제1유형 · 출처표시,https://www.kogl.or.kr/info/licenseType1.do,보도자료 표의 수치를 옮겨 새로 작성한 표. 원표·도표는 싣지 않는다. 보도자료 7쪽 표에서 정책금융·민간부문 합계 2계열을 발췌했다. 출자자별 세부 행은 원문 참조.
MSS-fund_sources,정책금융 금액,2024_상반기,9232,억원,중소벤처기업부,https://www.mss.go.kr/site/smba/ex/bbs/View.do?cbIdx=86&bcIdx=1070580,2026-08-19,벤처투자회사·조합 및 신기술금융사·조합 합산,물리 4쪽 왼쪽·인쇄 7쪽,공공누리 제1유형 · 출처표시,https://www.kogl.or.kr/info/licenseType1.do,보도자료 표의 수치를 옮겨 새로 작성한 표. 원표·도표는 싣지 않는다. 보도자료 7쪽 표에서 정책금융·민간부문 합계 2계열을 발췌했다. 출자자별 세부 행은 원문 참조.
MSS-fund_sources,민간부문 금액,2024_상반기,42703,억원,중소벤처기업부,https://www.mss.go.kr/site/smba/ex/bbs/View.do?cbIdx=86&bcIdx=1070580,2026-08-19,벤처투자회사·조합 및 신기술금융사·조합 합산,물리 4쪽 왼쪽·인쇄 7쪽,공공누리 제1유형 · 출처표시,https://www.kogl.or.kr/info/licenseType1.do,보도자료 표의 수치를 옮겨 새로 작성한 표. 원표·도표는 싣지 않는다. 보도자료 7쪽 표에서 정책금융·민간부문 합계 2계열을 발췌했다. 출자자별 세부 행은 원문 참조.
MSS-fund_sources,정책금융 금액,2025_상반기,10278,억원,중소벤처기업부,https://www.mss.go.kr/site/smba/ex/bbs/View.do?cbIdx=86&bcIdx=1070580,2026-08-19,벤처투자회사·조합 및 신기술금융사·조합 합산,물리 4쪽 왼쪽·인쇄 7쪽,공공누리 제1유형 · 출처표시,https://www.kogl.or.kr/info/licenseType1.do,보도자료 표의 수치를 옮겨 새로 작성한 표. 원표·도표는 싣지 않는다. 보도자료 7쪽 표에서 정책금융·민간부문 합계 2계열을 발췌했다. 출자자별 세부 행은 원문 참조.
MSS-fund_sources,민간부문 금액,2025_상반기,53153,억원,중소벤처기업부,https://www.mss.go.kr/site/smba/ex/bbs/View.do?cbIdx=86&bcIdx=1070580,2026-08-19,벤처투자회사·조합 및 신기술금융사·조합 합산,물리 4쪽 왼쪽·인쇄 7쪽,공공누리 제1유형 · 출처표시,https://www.kogl.or.kr/info/licenseType1.do,보도자료 표의 수치를 옮겨 새로 작성한 표. 원표·도표는 싣지 않는다. 보도자료 7쪽 표에서 정책금융·민간부문 합계 2계열을 발췌했다. 출자자별 세부 행은 원문 참조.
MSS-fund_sources,정책금융 금액,2026_상반기,16274,억원,중소벤처기업부,https://www.mss.go.kr/site/smba/ex/bbs/View.do?cbIdx=86&bcIdx=1070580,2026-08-19,벤처투자회사·조합 및 신기술금융사·조합 합산,물리 4쪽 왼쪽·인쇄 7쪽,공공누리 제1유형 · 출처표시,https://www.kogl.or.kr/info/licenseType1.do,보도자료 표의 수치를 옮겨 새로 작성한 표. 원표·도표는 싣지 않는다. 보도자료 7쪽 표에서 정책금융·민간부문 합계 2계열을 발췌했다. 출자자별 세부 행은 원문 참조.
MSS-fund_sources,민간부문 금액,2026_상반기,68092,억원,중소벤처기업부,https://www.mss.go.kr/site/smba/ex/bbs/View.do?cbIdx=86&bcIdx=1070580,2026-08-19,벤처투자회사·조합 및 신기술금융사·조합 합산,물리 4쪽 왼쪽·인쇄 7쪽,공공누리 제1유형 · 출처표시,https://www.kogl.or.kr/info/licenseType1.do,보도자료 표의 수치를 옮겨 새로 작성한 표. 원표·도표는 싣지 않는다. 보도자료 7쪽 표에서 정책금융·민간부문 합계 2계열을 발췌했다. 출자자별 세부 행은 원문 참조.
MSS-AGE,7년 이하 투자금액,2022_상반기,47731,억원,중소벤처기업부,https://www.mss.go.kr/site/smba/ex/bbs/View.do?cbIdx=86&bcIdx=1070580,2026-08-19,벤처투자회사·조합 및 신기술금융사·조합 합산,물리 2쪽 왼쪽·인쇄 3쪽,공공누리 제1유형 · 출처표시,https://www.kogl.or.kr/info/licenseType1.do,보도자료 표의 수치를 옮겨 새로 작성한 표. 원표·도표는 싣지 않는다. 보도자료 3쪽 표에서 투자금액·기업수 8계열을 발췌했다. 평균투자금액은 원문 참조.
MSS-AGE,3년 이하 투자금액,2022_상반기,19608,억원,중소벤처기업부,https://www.mss.go.kr/site/smba/ex/bbs/View.do?cbIdx=86&bcIdx=1070580,2026-08-19,벤처투자회사·조합 및 신기술금융사·조합 합산,물리 2쪽 왼쪽·인쇄 3쪽,공공누리 제1유형 · 출처표시,https://www.kogl.or.kr/info/licenseType1.do,보도자료 표의 수치를 옮겨 새로 작성한 표. 원표·도표는 싣지 않는다. 보도자료 3쪽 표에서 투자금액·기업수 8계열을 발췌했다. 평균투자금액은 원문 참조.
MSS-AGE,7년 초과 투자금액,2022_상반기,28711,억원,중소벤처기업부,https://www.mss.go.kr/site/smba/ex/bbs/View.do?cbIdx=86&bcIdx=1070580,2026-08-19,벤처투자회사·조합 및 신기술금융사·조합 합산,물리 2쪽 왼쪽·인쇄 3쪽,공공누리 제1유형 · 출처표시,https://www.kogl.or.kr/info/licenseType1.do,보도자료 표의 수치를 옮겨 새로 작성한 표. 원표·도표는 싣지 않는다. 보도자료 3쪽 표에서 투자금액·기업수 8계열을 발췌했다. 평균투자금액은 원문 참조.
MSS-AGE,합계 투자금액,2022_상반기,76442,억원,중소벤처기업부,https://www.mss.go.kr/site/smba/ex/bbs/View.do?cbIdx=86&bcIdx=1070580,2026-08-19,벤처투자회사·조합 및 신기술금융사·조합 합산,물리 2쪽 왼쪽·인쇄 3쪽,공공누리 제1유형 · 출처표시,https://www.kogl.or.kr/info/licenseType1.do,보도자료 표의 수치를 옮겨 새로 작성한 표. 원표·도표는 싣지 않는다. 보도자료 3쪽 표에서 투자금액·기업수 8계열을 발췌했다. 평균투자금액은 원문 참조.
MSS-AGE,7년 이하 기업수,2022_상반기,1680,개,중소벤처기업부,https://www.mss.go.kr/site/smba/ex/bbs/View.do?cbIdx=86&bcIdx=1070580,2026-08-19,벤처투자회사·조합 및 신기술금융사·조합 합산,물리 2쪽 왼쪽·인쇄 3쪽,공공누리 제1유형 · 출처표시,https://www.kogl.or.kr/info/licenseType1.do,보도자료 표의 수치를 옮겨 새로 작성한 표. 원표·도표는 싣지 않는다. 보도자료 3쪽 표에서 투자금액·기업수 8계열을 발췌했다. 평균투자금액은 원문 참조.
MSS-AGE,3년 이하 기업수,2022_상반기,889,개,중소벤처기업부,https://www.mss.go.kr/site/smba/ex/bbs/View.do?cbIdx=86&bcIdx=1070580,2026-08-19,벤처투자회사·조합 및 신기술금융사·조합 합산,물리 2쪽 왼쪽·인쇄 3쪽,공공누리 제1유형 · 출처표시,https://www.kogl.or.kr/info/licenseType1.do,보도자료 표의 수치를 옮겨 새로 작성한 표. 원표·도표는 싣지 않는다. 보도자료 3쪽 표에서 투자금액·기업수 8계열을 발췌했다. 평균투자금액은 원문 참조.
MSS-AGE,7년 초과 기업수,2022_상반기,654,개,중소벤처기업부,https://www.mss.go.kr/site/smba/ex/bbs/View.do?cbIdx=86&bcIdx=1070580,2026-08-19,벤처투자회사·조합 및 신기술금융사·조합 합산,물리 2쪽 왼쪽·인쇄 3쪽,공공누리 제1유형 · 출처표시,https://www.kogl.or.kr/info/licenseType1.do,보도자료 표의 수치를 옮겨 새로 작성한 표. 원표·도표는 싣지 않는다. 보도자료 3쪽 표에서 투자금액·기업수 8계열을 발췌했다. 평균투자금액은 원문 참조.
MSS-AGE,합계 기업수,2022_상반기,2305,개,중소벤처기업부,https://www.mss.go.kr/site/smba/ex/bbs/View.do?cbIdx=86&bcIdx=1070580,2026-08-19,벤처투자회사·조합 및 신기술금융사·조합 합산,물리 2쪽 왼쪽·인쇄 3쪽,공공누리 제1유형 · 출처표시,https://www.kogl.or.kr/info/licenseType1.do,보도자료 표의 수치를 옮겨 새로 작성한 표. 원표·도표는 싣지 않는다. 보도자료 3쪽 표에서 투자금액·기업수 8계열을 발췌했다. 평균투자금액은 원문 참조.
MSS-AGE,7년 이하 투자금액,2023_상반기,24428,억원,중소벤처기업부,https://www.mss.go.kr/site/smba/ex/bbs/View.do?cbIdx=86&bcIdx=1070580,2026-08-19,벤처투자회사·조합 및 신기술금융사·조합 합산,물리 2쪽 왼쪽·인쇄 3쪽,공공누리 제1유형 · 출처표시,https://www.kogl.or.kr/info/licenseType1.do,보도자료 표의 수치를 옮겨 새로 작성한 표. 원표·도표는 싣지 않는다. 보도자료 3쪽 표에서 투자금액·기업수 8계열을 발췌했다. 평균투자금액은 원문 참조.
MSS-AGE,3년 이하 투자금액,2023_상반기,12240,억원,중소벤처기업부,https://www.mss.go.kr/site/smba/ex/bbs/View.do?cbIdx=86&bcIdx=1070580,2026-08-19,벤처투자회사·조합 및 신기술금융사·조합 합산,물리 2쪽 왼쪽·인쇄 3쪽,공공누리 제1유형 · 출처표시,https://www.kogl.or.kr/info/licenseType1.do,보도자료 표의 수치를 옮겨 새로 작성한 표. 원표·도표는 싣지 않는다. 보도자료 3쪽 표에서 투자금액·기업수 8계열을 발췌했다. 평균투자금액은 원문 참조.
MSS-AGE,7년 초과 투자금액,2023_상반기,20502,억원,중소벤처기업부,https://www.mss.go.kr/site/smba/ex/bbs/View.do?cbIdx=86&bcIdx=1070580,2026-08-19,벤처투자회사·조합 및 신기술금융사·조합 합산,물리 2쪽 왼쪽·인쇄 3쪽,공공누리 제1유형 · 출처표시,https://www.kogl.or.kr/info/licenseType1.do,보도자료 표의 수치를 옮겨 새로 작성한 표. 원표·도표는 싣지 않는다. 보도자료 3쪽 표에서 투자금액·기업수 8계열을 발췌했다. 평균투자금액은 원문 참조.
MSS-AGE,합계 투자금액,2023_상반기,44930,억원,중소벤처기업부,https://www.mss.go.kr/site/smba/ex/bbs/View.do?cbIdx=86&bcIdx=1070580,2026-08-19,벤처투자회사·조합 및 신기술금융사·조합 합산,물리 2쪽 왼쪽·인쇄 3쪽,공공누리 제1유형 · 출처표시,https://www.kogl.or.kr/info/licenseType1.do,보도자료 표의 수치를 옮겨 새로 작성한 표. 원표·도표는 싣지 않는다. 보도자료 3쪽 표에서 투자금액·기업수 8계열을 발췌했다. 평균투자금액은 원문 참조.
MSS-AGE,7년 이하 기업수,2023_상반기,1181,개,중소벤처기업부,https://www.mss.go.kr/site/smba/ex/bbs/View.do?cbIdx=86&bcIdx=1070580,2026-08-19,벤처투자회사·조합 및 신기술금융사·조합 합산,물리 2쪽 왼쪽·인쇄 3쪽,공공누리 제1유형 · 출처표시,https://www.kogl.or.kr/info/licenseType1.do,보도자료 표의 수치를 옮겨 새로 작성한 표. 원표·도표는 싣지 않는다. 보도자료 3쪽 표에서 투자금액·기업수 8계열을 발췌했다. 평균투자금액은 원문 참조.
MSS-AGE,3년 이하 기업수,2023_상반기,668,개,중소벤처기업부,https://www.mss.go.kr/site/smba/ex/bbs/View.do?cbIdx=86&bcIdx=1070580,2026-08-19,벤처투자회사·조합 및 신기술금융사·조합 합산,물리 2쪽 왼쪽·인쇄 3쪽,공공누리 제1유형 · 출처표시,https://www.kogl.or.kr/info/licenseType1.do,보도자료 표의 수치를 옮겨 새로 작성한 표. 원표·도표는 싣지 않는다. 보도자료 3쪽 표에서 투자금액·기업수 8계열을 발췌했다. 평균투자금액은 원문 참조.
MSS-AGE,7년 초과 기업수,2023_상반기,672,개,중소벤처기업부,https://www.mss.go.kr/site/smba/ex/bbs/View.do?cbIdx=86&bcIdx=1070580,2026-08-19,벤처투자회사·조합 및 신기술금융사·조합 합산,물리 2쪽 왼쪽·인쇄 3쪽,공공누리 제1유형 · 출처표시,https://www.kogl.or.kr/info/licenseType1.do,보도자료 표의 수치를 옮겨 새로 작성한 표. 원표·도표는 싣지 않는다. 보도자료 3쪽 표에서 투자금액·기업수 8계열을 발췌했다. 평균투자금액은 원문 참조.
MSS-AGE,합계 기업수,2023_상반기,1831,개,중소벤처기업부,https://www.mss.go.kr/site/smba/ex/bbs/View.do?cbIdx=86&bcIdx=1070580,2026-08-19,벤처투자회사·조합 및 신기술금융사·조합 합산,물리 2쪽 왼쪽·인쇄 3쪽,공공누리 제1유형 · 출처표시,https://www.kogl.or.kr/info/licenseType1.do,보도자료 표의 수치를 옮겨 새로 작성한 표. 원표·도표는 싣지 않는다. 보도자료 3쪽 표에서 투자금액·기업수 8계열을 발췌했다. 평균투자금액은 원문 참조.
MSS-AGE,7년 이하 투자금액,2024_상반기,25236,억원,중소벤처기업부,https://www.mss.go.kr/site/smba/ex/bbs/View.do?cbIdx=86&bcIdx=1070580,2026-08-19,벤처투자회사·조합 및 신기술금융사·조합 합산,물리 2쪽 왼쪽·인쇄 3쪽,공공누리 제1유형 · 출처표시,https://www.kogl.or.kr/info/licenseType1.do,보도자료 표의 수치를 옮겨 새로 작성한 표. 원표·도표는 싣지 않는다. 보도자료 3쪽 표에서 투자금액·기업수 8계열을 발췌했다. 평균투자금액은 원문 참조.
MSS-AGE,3년 이하 투자금액,2024_상반기,10117,억원,중소벤처기업부,https://www.mss.go.kr/site/smba/ex/bbs/View.do?cbIdx=86&bcIdx=1070580,2026-08-19,벤처투자회사·조합 및 신기술금융사·조합 합산,물리 2쪽 왼쪽·인쇄 3쪽,공공누리 제1유형 · 출처표시,https://www.kogl.or.kr/info/licenseType1.do,보도자료 표의 수치를 옮겨 새로 작성한 표. 원표·도표는 싣지 않는다. 보도자료 3쪽 표에서 투자금액·기업수 8계열을 발췌했다. 평균투자금액은 원문 참조.
MSS-AGE,7년 초과 투자금액,2024_상반기,29621,억원,중소벤처기업부,https://www.mss.go.kr/site/smba/ex/bbs/View.do?cbIdx=86&bcIdx=1070580,2026-08-19,벤처투자회사·조합 및 신기술금융사·조합 합산,물리 2쪽 왼쪽·인쇄 3쪽,공공누리 제1유형 · 출처표시,https://www.kogl.or.kr/info/licenseType1.do,보도자료 표의 수치를 옮겨 새로 작성한 표. 원표·도표는 싣지 않는다. 보도자료 3쪽 표에서 투자금액·기업수 8계열을 발췌했다. 평균투자금액은 원문 참조.
MSS-AGE,합계 투자금액,2024_상반기,54856,억원,중소벤처기업부,https://www.mss.go.kr/site/smba/ex/bbs/View.do?cbIdx=86&bcIdx=1070580,2026-08-19,벤처투자회사·조합 및 신기술금융사·조합 합산,물리 2쪽 왼쪽·인쇄 3쪽,공공누리 제1유형 · 출처표시,https://www.kogl.or.kr/info/licenseType1.do,보도자료 표의 수치를 옮겨 새로 작성한 표. 원표·도표는 싣지 않는다. 보도자료 3쪽 표에서 투자금액·기업수 8계열을 발췌했다. 평균투자금액은 원문 참조.
MSS-AGE,7년 이하 기업수,2024_상반기,1378,개,중소벤처기업부,https://www.mss.go.kr/site/smba/ex/bbs/View.do?cbIdx=86&bcIdx=1070580,2026-08-19,벤처투자회사·조합 및 신기술금융사·조합 합산,물리 2쪽 왼쪽·인쇄 3쪽,공공누리 제1유형 · 출처표시,https://www.kogl.or.kr/info/licenseType1.do,보도자료 표의 수치를 옮겨 새로 작성한 표. 원표·도표는 싣지 않는다. 보도자료 3쪽 표에서 투자금액·기업수 8계열을 발췌했다. 평균투자금액은 원문 참조.
MSS-AGE,3년 이하 기업수,2024_상반기,743,개,중소벤처기업부,https://www.mss.go.kr/site/smba/ex/bbs/View.do?cbIdx=86&bcIdx=1070580,2026-08-19,벤처투자회사·조합 및 신기술금융사·조합 합산,물리 2쪽 왼쪽·인쇄 3쪽,공공누리 제1유형 · 출처표시,https://www.kogl.or.kr/info/licenseType1.do,보도자료 표의 수치를 옮겨 새로 작성한 표. 원표·도표는 싣지 않는다. 보도자료 3쪽 표에서 투자금액·기업수 8계열을 발췌했다. 평균투자금액은 원문 참조.
MSS-AGE,7년 초과 기업수,2024_상반기,1034,개,중소벤처기업부,https://www.mss.go.kr/site/smba/ex/bbs/View.do?cbIdx=86&bcIdx=1070580,2026-08-19,벤처투자회사·조합 및 신기술금융사·조합 합산,물리 2쪽 왼쪽·인쇄 3쪽,공공누리 제1유형 · 출처표시,https://www.kogl.or.kr/info/licenseType1.do,보도자료 표의 수치를 옮겨 새로 작성한 표. 원표·도표는 싣지 않는다. 보도자료 3쪽 표에서 투자금액·기업수 8계열을 발췌했다. 평균투자금액은 원문 참조.
MSS-AGE,합계 기업수,2024_상반기,2382,개,중소벤처기업부,https://www.mss.go.kr/site/smba/ex/bbs/View.do?cbIdx=86&bcIdx=1070580,2026-08-19,벤처투자회사·조합 및 신기술금융사·조합 합산,물리 2쪽 왼쪽·인쇄 3쪽,공공누리 제1유형 · 출처표시,https://www.kogl.or.kr/info/licenseType1.do,보도자료 표의 수치를 옮겨 새로 작성한 표. 원표·도표는 싣지 않는다. 보도자료 3쪽 표에서 투자금액·기업수 8계열을 발췌했다. 평균투자금액은 원문 참조.
MSS-AGE,7년 이하 투자금액,2025_상반기,26601,억원,중소벤처기업부,https://www.mss.go.kr/site/smba/ex/bbs/View.do?cbIdx=86&bcIdx=1070580,2026-08-19,벤처투자회사·조합 및 신기술금융사·조합 합산,물리 2쪽 왼쪽·인쇄 3쪽,공공누리 제1유형 · 출처표시,https://www.kogl.or.kr/info/licenseType1.do,보도자료 표의 수치를 옮겨 새로 작성한 표. 원표·도표는 싣지 않는다. 보도자료 3쪽 표에서 투자금액·기업수 8계열을 발췌했다. 평균투자금액은 원문 참조.
MSS-AGE,3년 이하 투자금액,2025_상반기,11687,억원,중소벤처기업부,https://www.mss.go.kr/site/smba/ex/bbs/View.do?cbIdx=86&bcIdx=1070580,2026-08-19,벤처투자회사·조합 및 신기술금융사·조합 합산,물리 2쪽 왼쪽·인쇄 3쪽,공공누리 제1유형 · 출처표시,https://www.kogl.or.kr/info/licenseType1.do,보도자료 표의 수치를 옮겨 새로 작성한 표. 원표·도표는 싣지 않는다. 보도자료 3쪽 표에서 투자금액·기업수 8계열을 발췌했다. 평균투자금액은 원문 참조.
MSS-AGE,7년 초과 투자금액,2025_상반기,30876,억원,중소벤처기업부,https://www.mss.go.kr/site/smba/ex/bbs/View.do?cbIdx=86&bcIdx=1070580,2026-08-19,벤처투자회사·조합 및 신기술금융사·조합 합산,물리 2쪽 왼쪽·인쇄 3쪽,공공누리 제1유형 · 출처표시,https://www.kogl.or.kr/info/licenseType1.do,보도자료 표의 수치를 옮겨 새로 작성한 표. 원표·도표는 싣지 않는다. 보도자료 3쪽 표에서 투자금액·기업수 8계열을 발췌했다. 평균투자금액은 원문 참조.
MSS-AGE,합계 투자금액,2025_상반기,57476,억원,중소벤처기업부,https://www.mss.go.kr/site/smba/ex/bbs/View.do?cbIdx=86&bcIdx=1070580,2026-08-19,벤처투자회사·조합 및 신기술금융사·조합 합산,물리 2쪽 왼쪽·인쇄 3쪽,공공누리 제1유형 · 출처표시,https://www.kogl.or.kr/info/licenseType1.do,보도자료 표의 수치를 옮겨 새로 작성한 표. 원표·도표는 싣지 않는다. 보도자료 3쪽 표에서 투자금액·기업수 8계열을 발췌했다. 평균투자금액은 원문 참조.
MSS-AGE,7년 이하 기업수,2025_상반기,1065,개,중소벤처기업부,https://www.mss.go.kr/site/smba/ex/bbs/View.do?cbIdx=86&bcIdx=1070580,2026-08-19,벤처투자회사·조합 및 신기술금융사·조합 합산,물리 2쪽 왼쪽·인쇄 3쪽,공공누리 제1유형 · 출처표시,https://www.kogl.or.kr/info/licenseType1.do,보도자료 표의 수치를 옮겨 새로 작성한 표. 원표·도표는 싣지 않는다. 보도자료 3쪽 표에서 투자금액·기업수 8계열을 발췌했다. 평균투자금액은 원문 참조.
MSS-AGE,3년 이하 기업수,2025_상반기,499,개,중소벤처기업부,https://www.mss.go.kr/site/smba/ex/bbs/View.do?cbIdx=86&bcIdx=1070580,2026-08-19,벤처투자회사·조합 및 신기술금융사·조합 합산,물리 2쪽 왼쪽·인쇄 3쪽,공공누리 제1유형 · 출처표시,https://www.kogl.or.kr/info/licenseType1.do,보도자료 표의 수치를 옮겨 새로 작성한 표. 원표·도표는 싣지 않는다. 보도자료 3쪽 표에서 투자금액·기업수 8계열을 발췌했다. 평균투자금액은 원문 참조.
MSS-AGE,7년 초과 기업수,2025_상반기,932,개,중소벤처기업부,https://www.mss.go.kr/site/smba/ex/bbs/View.do?cbIdx=86&bcIdx=1070580,2026-08-19,벤처투자회사·조합 및 신기술금융사·조합 합산,물리 2쪽 왼쪽·인쇄 3쪽,공공누리 제1유형 · 출처표시,https://www.kogl.or.kr/info/licenseType1.do,보도자료 표의 수치를 옮겨 새로 작성한 표. 원표·도표는 싣지 않는다. 보도자료 3쪽 표에서 투자금액·기업수 8계열을 발췌했다. 평균투자금액은 원문 참조.
MSS-AGE,합계 기업수,2025_상반기,1962,개,중소벤처기업부,https://www.mss.go.kr/site/smba/ex/bbs/View.do?cbIdx=86&bcIdx=1070580,2026-08-19,벤처투자회사·조합 및 신기술금융사·조합 합산,물리 2쪽 왼쪽·인쇄 3쪽,공공누리 제1유형 · 출처표시,https://www.kogl.or.kr/info/licenseType1.do,보도자료 표의 수치를 옮겨 새로 작성한 표. 원표·도표는 싣지 않는다. 보도자료 3쪽 표에서 투자금액·기업수 8계열을 발췌했다. 평균투자금액은 원문 참조.
MSS-AGE,7년 이하 투자금액,2026_상반기,42039,억원,중소벤처기업부,https://www.mss.go.kr/site/smba/ex/bbs/View.do?cbIdx=86&bcIdx=1070580,2026-08-19,벤처투자회사·조합 및 신기술금융사·조합 합산,물리 2쪽 왼쪽·인쇄 3쪽,공공누리 제1유형 · 출처표시,https://www.kogl.or.kr/info/licenseType1.do,보도자료 표의 수치를 옮겨 새로 작성한 표. 원표·도표는 싣지 않는다. 보도자료 3쪽 표에서 투자금액·기업수 8계열을 발췌했다. 평균투자금액은 원문 참조.
MSS-AGE,3년 이하 투자금액,2026_상반기,18282,억원,중소벤처기업부,https://www.mss.go.kr/site/smba/ex/bbs/View.do?cbIdx=86&bcIdx=1070580,2026-08-19,벤처투자회사·조합 및 신기술금융사·조합 합산,물리 2쪽 왼쪽·인쇄 3쪽,공공누리 제1유형 · 출처표시,https://www.kogl.or.kr/info/licenseType1.do,보도자료 표의 수치를 옮겨 새로 작성한 표. 원표·도표는 싣지 않는다. 보도자료 3쪽 표에서 투자금액·기업수 8계열을 발췌했다. 평균투자금액은 원문 참조.
MSS-AGE,7년 초과 투자금액,2026_상반기,46637,억원,중소벤처기업부,https://www.mss.go.kr/site/smba/ex/bbs/View.do?cbIdx=86&bcIdx=1070580,2026-08-19,벤처투자회사·조합 및 신기술금융사·조합 합산,물리 2쪽 왼쪽·인쇄 3쪽,공공누리 제1유형 · 출처표시,https://www.kogl.or.kr/info/licenseType1.do,보도자료 표의 수치를 옮겨 새로 작성한 표. 원표·도표는 싣지 않는다. 보도자료 3쪽 표에서 투자금액·기업수 8계열을 발췌했다. 평균투자금액은 원문 참조.
MSS-AGE,합계 투자금액,2026_상반기,88676,억원,중소벤처기업부,https://www.mss.go.kr/site/smba/ex/bbs/View.do?cbIdx=86&bcIdx=1070580,2026-08-19,벤처투자회사·조합 및 신기술금융사·조합 합산,물리 2쪽 왼쪽·인쇄 3쪽,공공누리 제1유형 · 출처표시,https://www.kogl.or.kr/info/licenseType1.do,보도자료 표의 수치를 옮겨 새로 작성한 표. 원표·도표는 싣지 않는다. 보도자료 3쪽 표에서 투자금액·기업수 8계열을 발췌했다. 평균투자금액은 원문 참조.
MSS-AGE,7년 이하 기업수,2026_상반기,1221,개,중소벤처기업부,https://www.mss.go.kr/site/smba/ex/bbs/View.do?cbIdx=86&bcIdx=1070580,2026-08-19,벤처투자회사·조합 및 신기술금융사·조합 합산,물리 2쪽 왼쪽·인쇄 3쪽,공공누리 제1유형 · 출처표시,https://www.kogl.or.kr/info/licenseType1.do,보도자료 표의 수치를 옮겨 새로 작성한 표. 원표·도표는 싣지 않는다. 보도자료 3쪽 표에서 투자금액·기업수 8계열을 발췌했다. 평균투자금액은 원문 참조.
MSS-AGE,3년 이하 기업수,2026_상반기,643,개,중소벤처기업부,https://www.mss.go.kr/site/smba/ex/bbs/View.do?cbIdx=86&bcIdx=1070580,2026-08-19,벤처투자회사·조합 및 신기술금융사·조합 합산,물리 2쪽 왼쪽·인쇄 3쪽,공공누리 제1유형 · 출처표시,https://www.kogl.or.kr/info/licenseType1.do,보도자료 표의 수치를 옮겨 새로 작성한 표. 원표·도표는 싣지 않는다. 보도자료 3쪽 표에서 투자금액·기업수 8계열을 발췌했다. 평균투자금액은 원문 참조.
MSS-AGE,7년 초과 기업수,2026_상반기,1114,개,중소벤처기업부,https://www.mss.go.kr/site/smba/ex/bbs/View.do?cbIdx=86&bcIdx=1070580,2026-08-19,벤처투자회사·조합 및 신기술금융사·조합 합산,물리 2쪽 왼쪽·인쇄 3쪽,공공누리 제1유형 · 출처표시,https://www.kogl.or.kr/info/licenseType1.do,보도자료 표의 수치를 옮겨 새로 작성한 표. 원표·도표는 싣지 않는다. 보도자료 3쪽 표에서 투자금액·기업수 8계열을 발췌했다. 평균투자금액은 원문 참조.
MSS-AGE,합계 기업수,2026_상반기,2296,개,중소벤처기업부,https://www.mss.go.kr/site/smba/ex/bbs/View.do?cbIdx=86&bcIdx=1070580,2026-08-19,벤처투자회사·조합 및 신기술금융사·조합 합산,물리 2쪽 왼쪽·인쇄 3쪽,공공누리 제1유형 · 출처표시,https://www.kogl.or.kr/info/licenseType1.do,보도자료 표의 수치를 옮겨 새로 작성한 표. 원표·도표는 싣지 않는다. 보도자료 3쪽 표에서 투자금액·기업수 8계열을 발췌했다. 평균투자금액은 원문 참조.
